<?xml version="1.0" encoding="UTF-8"?>
<project-private xmlns="http://www.netbeans.org/ns/project-private/1">
    <editor-bookmarks xmlns="http://www.netbeans.org/ns/editor-bookmarks/2" lastBookmarkId="0"/>
    <open-files xmlns="http://www.netbeans.org/ns/projectui-open-files/2">
        <group>
            <file>file:/C:/Users/User/Downloads/ykgoh_assignment/ykgoh_assignment/src/ykgoh_assignment/Ykgoh_assignment.java</file>
            <file>file:/C:/Users/User/Downloads/ykgoh_assignment/ykgoh_assignment/src/ykgoh_assignment/Manage_Suppliers.java</file>
            <file>file:/C:/Users/User/Downloads/ykgoh_assignment/ykgoh_assignment/src/ykgoh_assignment/firstPage.java</file>
            <file>file:/C:/Users/User/Downloads/ykgoh_assignment/ykgoh_assignment/src/ykgoh_assignment/Manage_Item.java</file>
        </group>
    </open-files>
</project-private>
